[
    {
        "model": "GraphQl_API.book",
        "pk": 1,
        "fields": {
            "title": "The One Thing",
            "author": "",
            "year_published": 2002,
            "review": 3
        }
    },

    {
        "model": "GraphQl_API.book",
        "pk": 2,
        "fields": {
            "title": "Python Crash Course",
            "author": "Eric Matthes",
            "year_published": 2015,
            "review": 5
        }
    },

    {
        "model": "GraphQl_API.book",
        "pk": 3,
        "fields": {
            "title": "Atomic Habits",
            "author": "James Clear",
            "year_published": 2002,
            "review": 4
        }
    },

    {
        "model": "GraphQl_API.book",
        "pk": 4,
        "fields": {
            "title": "The Compound Effect",
            "author": "Darren Hardy",
            "year_published": 2010,
            "review": 3
        }
    },

    {
        "model": "GraphQl_API.book",
        "pk": 5,
        "fields": {
            "title": "Clean Code",
            "author": "Robert Cecil Martin",
            "year_published": 2008,
            "review": 4
        }
    }
]
